,parProtein,pos,oriaa,mutaa,mut_,cv5_class,cv5_score,cv5_reverse_class,cv5_reverse_score,Total evidence,Throughput,Experimental System,Publication Source
19,HTT,1624,S,C,S1624C,1,0.41873145,3,0.37992329999999996,7.0,Low Throughput,Two-hybrid,PUBMED:9700202
20,HTT,1815,L,T,L1815T,1,0.48944798,3,0.43327004,7.0,Low Throughput,Two-hybrid,PUBMED:9700202
21,HTT,1666,Y,C,Y1666C,1,0.38744074,3,0.38069996,7.0,Low Throughput,Two-hybrid,PUBMED:9700202
25,TP53,1624,S,C,S1624C,0,0.29129523,0,0.30383876,6.0,Low Throughput,Affinity Capture-Western,PUBMED:18585004
26,TP53,1815,L,T,L1815T,2,0.42827487,2,0.48228732,6.0,Low Throughput,Affinity Capture-Western,PUBMED:18585004
27,TP53,1666,Y,C,Y1666C,0,0.43428126,0,0.41866264,6.0,Low Throughput,Affinity Capture-Western,PUBMED:18585004
31,SETD2,1624,S,C,S1624C,0,0.33265013,0,0.3938908,9.0,Low Throughput,Biochemical Activity,PUBMED:16118227
32,SETD2,1815,L,T,L1815T,2,0.47702926,2,0.5089682,9.0,Low Throughput,Biochemical Activity,PUBMED:16118227
33,SETD2,1666,Y,C,Y1666C,0,0.5998433000000001,0,0.55942786,9.0,Low Throughput,Biochemical Activity,PUBMED:16118227
34,POLR2A,1624,S,C,S1624C,0,0.3156295,0,0.37283307,8.0,Low Throughput,Affinity Capture-Western,PUBMED:16118227
35,POLR2A,1815,L,T,L1815T,0,0.44493824,2,0.5271264,8.0,Low Throughput,Affinity Capture-Western,PUBMED:16118227
36,POLR2A,1666,Y,C,Y1666C,0,0.4929499,0,0.4138704000000001,8.0,Low Throughput,Affinity Capture-Western,PUBMED:16118227
37,ELAVL1,1624,S,C,S1624C,1,0.34245807,0,0.35136873,5.0,High Throughput,Affinity Capture-RNA,PUBMED:19322201
38,ELAVL1,1815,L,T,L1815T,1,0.42146975,3,0.4008615,5.0,High Throughput,Affinity Capture-RNA,PUBMED:19322201
39,ELAVL1,1666,Y,C,Y1666C,0,0.43995112,0,0.39237195,5.0,High Throughput,Affinity Capture-RNA,PUBMED:19322201
40,ATXN1,1624,S,C,S1624C,1,0.33956274,0,0.3658094,6.0,High Throughput,Two-hybrid,PUBMED:16713569
41,ATXN1,1815,L,T,L1815T,0,0.35886163,2,0.38932690000000003,6.0,High Throughput,Two-hybrid,PUBMED:16713569
42,ATXN1,1666,Y,C,Y1666C,0,0.5001303,0,0.4460585999999999,6.0,High Throughput,Two-hybrid,PUBMED:16713569
43,CIC,1624,S,C,S1624C,1,0.30682853,0,0.3487015,10.0,High Throughput,Two-hybrid,PUBMED:16713569
44,CIC,1815,L,T,L1815T,2,0.38068354,2,0.41358924,10.0,High Throughput,Two-hybrid,PUBMED:16713569
45,CIC,1666,Y,C,Y1666C,0,0.56640786,0,0.4765044,10.0,High Throughput,Two-hybrid,PUBMED:16713569
46,CBX8,1624,S,C,S1624C,1,0.35479954,1,0.31070065,6.0,Low Throughput,Affinity Capture-MS,PUBMED:21282530
47,CBX8,1815,L,T,L1815T,2,0.35815528,2,0.39762548,6.0,Low Throughput,Affinity Capture-MS,PUBMED:21282530
48,CBX8,1666,Y,C,Y1666C,0,0.41838568,1,0.32304987,6.0,Low Throughput,Affinity Capture-MS,PUBMED:21282530
49,SOX2,1624,S,C,S1624C,2,0.37307975,0,0.38866508,10.0,High Throughput,Affinity Capture-MS,PUBMED:23667531
50,SOX2,1815,L,T,L1815T,2,0.57303417,2,0.6617649999999999,10.0,High Throughput,Affinity Capture-MS,PUBMED:23667531
51,SOX2,1666,Y,C,Y1666C,0,0.55482227,0,0.46934026,10.0,High Throughput,Affinity Capture-MS,PUBMED:23667531
52,SMAD3,1624,S,C,S1624C,1,0.37385792,3,0.32391149999999996,7.0,Low Throughput,Affinity Capture-Western,PUBMED:21988832
53,SMAD3,1815,L,T,L1815T,2,0.32088926,2,0.37772158,7.0,Low Throughput,Affinity Capture-Western,PUBMED:21988832
54,SMAD3,1666,Y,C,Y1666C,0,0.42432508,0,0.33506995,7.0,Low Throughput,Affinity Capture-Western,PUBMED:21988832
64,WDR37,1624,S,C,S1624C,2,0.29383516,0,0.36674237,6.0,High Throughput,Affinity Capture-MS,PUBMED:26186194
65,WDR37,1815,L,T,L1815T,2,0.44101197,2,0.59201896,6.0,High Throughput,Affinity Capture-MS,PUBMED:26186194
66,WDR37,1666,Y,C,Y1666C,0,0.48081344,0,0.43233590000000005,6.0,High Throughput,Affinity Capture-MS,PUBMED:26186194
82,XPO1,1624,S,C,S1624C,1,0.37472683,3,0.31263956,6.0,High Throughput,Affinity Capture-MS,PUBMED:26673895
83,XPO1,1815,L,T,L1815T,0,0.41954259999999993,3,0.37153015,6.0,High Throughput,Affinity Capture-MS,PUBMED:26673895
84,XPO1,1666,Y,C,Y1666C,0,0.472969,0,0.37037605,6.0,High Throughput,Affinity Capture-MS,PUBMED:26673895
88,GAN,1624,S,C,S1624C,0,0.35773879999999997,0,0.38234085,5.0,Low Throughput,Affinity Capture-MS,PUBMED:26460568
89,GAN,1815,L,T,L1815T,2,0.5277006,2,0.6141876000000001,5.0,Low Throughput,Affinity Capture-MS,PUBMED:26460568
90,GAN,1666,Y,C,Y1666C,0,0.5147277,0,0.50552946,5.0,Low Throughput,Affinity Capture-MS,PUBMED:26460568
91,ATM,1624,S,C,S1624C,0,0.45271483,0,0.5290934,5.0,High Throughput,Negative Genetic,PUBMED:28319113
92,ATM,1815,L,T,L1815T,0,0.5454074000000001,2,0.33467755,5.0,High Throughput,Negative Genetic,PUBMED:28319113
93,ATM,1666,Y,C,Y1666C,0,0.61677307,0,0.6289675,5.0,High Throughput,Negative Genetic,PUBMED:28319113
103,RSBN1,1624,S,C,S1624C,0,0.32904956,0,0.41514295,6.0,High Throughput,Affinity Capture-MS,PUBMED:28514442
104,RSBN1,1815,L,T,L1815T,2,0.4020295,2,0.46305162,6.0,High Throughput,Affinity Capture-MS,PUBMED:28514442
105,RSBN1,1666,Y,C,Y1666C,0,0.6395947,0,0.5540908,6.0,High Throughput,Affinity Capture-MS,PUBMED:28514442
115,TRPC4AP,1624,S,C,S1624C,0,0.34098405,0,0.40567356,9.0,High Throughput,Affinity Capture-MS,PUBMED:28514442
116,TRPC4AP,1815,L,T,L1815T,2,0.38842824,2,0.44138130000000003,9.0,High Throughput,Affinity Capture-MS,PUBMED:28514442
117,TRPC4AP,1666,Y,C,Y1666C,0,0.6251863000000001,0,0.57997197,9.0,High Throughput,Affinity Capture-MS,PUBMED:28514442
124,SPOP,1624,S,C,S1624C,0,0.73297644,0,0.7139818,5.0,High Throughput,Two-hybrid,PUBMED:28805822
125,SPOP,1815,L,T,L1815T,0,0.56484175,2,0.7025701,5.0,High Throughput,Two-hybrid,PUBMED:28805822
126,SPOP,1666,Y,C,Y1666C,0,0.7444674,0,0.76763934,5.0,High Throughput,Two-hybrid,PUBMED:28805822
133,FGFR2,1624,S,C,S1624C,1,0.33213076,0,0.37183829999999995,7.0,Low Throughput,Co-localization,PUBMED:24462114
134,FGFR2,1815,L,T,L1815T,0,0.41973957,2,0.32977515,7.0,Low Throughput,Co-localization,PUBMED:24462114
135,FGFR2,1666,Y,C,Y1666C,0,0.57069784,0,0.49181336,7.0,Low Throughput,Co-localization,PUBMED:24462114
142,RAD51,1624,S,C,S1624C,1,0.44020844,3,0.37741706,5.0,Low Throughput,Co-localization,PUBMED:24931610
143,RAD51,1815,L,T,L1815T,1,0.48270267,3,0.42953148,5.0,Low Throughput,Co-localization,PUBMED:24931610
144,RAD51,1666,Y,C,Y1666C,1,0.37258209999999997,1,0.37594318,5.0,Low Throughput,Co-localization,PUBMED:24931610
